customer_id,first_name,last_name,email,phone
2,Victoria,Lebedeva,victoria.lebedeva.11@example.com,89132571045
3,Sofia,Zaitseva,sofia.zaitseva.12@mail.com,89864847028
4,Maxim,Kiseleva,maxim.kiseleva.13@demo.com,89924140805
6,Anastasia,Alekseev,anastasia.alekseev.15@test.com,89966272583
7,Tatyana,Mikhailov,tatyana.mikhailov.16@mail.com,89514126074
9,Ekaterina,Belova,ekaterina.belova.18@mail.com,89527544147
11,Victoria,Andreev,victoria.andreev.20@mail.com,89273017922
12,Sergey,Pavlova,sergey.pavlova.21@test.com,89818391024
13,Ivan,Morozova,ivan.morozova.22@demo.com,89746237714
14,Nadezhda,Smirnova,nadezhda.smirnova.23@mail.com,89229168371
16,Irina,Volkova,irina.volkova.25@demo.com,89878096608
17,Anna,Orlova,anna.orlova.26@example.com,89688776630
18,Margarita,Borisova,margarita.borisova.27@example.com,89889882925
19,Lyubov,Nikolaev,lyubov.nikolaev.28@mail.com,89550442168
20,Zoya,Petrov,zoya.petrov.29@example.com,89383365370
21,Lyubov,Sokolova,lyubov.sokolova.30@demo.com,89755541759
22,Maria,Pavlova,maria.pavlova.31@example.com,89724571166
23,Anna,Vladimirov,anna.vladimirov.32@mail.com,89451313973
24,Svetlana,Mikhailov,svetlana.mikhailov.33@demo.com,89952437913
25,Polina,Morozova,polina.morozova.34@demo.com,89840451401
26,Alexey,Ivanov,alexey.ivanov.35@test.com,89239978834
27,Nikolay,Andreev,nikolay.andreev.36@mail.com,89487295140
28,Dmitry,Lebedeva,dmitry.lebedeva.37@mail.com,89644576510
29,Petr,Tikhomirova,petr.tikhomirova.38@example.com,89639476371
30,Zoya,Frolova,zoya.frolova.39@mail.com,89891400173
31,Petr,Volkova,petr.volkova.40@demo.com,89667038053
32,Irina,Andreev,irina.andreev.41@mail.com,89295244557
34,Anna,Mikhailov,anna.mikhailov.43@demo.com,89189911802
36,Darya,Vladimirov,darya.vladimirov.45@demo.com,89713906385
37,Ivan,Guseva,ivan.guseva.46@mail.com,89219636930
38,Maria,Komarova,maria.komarova.47@mail.com,89282033721
39,Elizaveta,Nikolaev,elizaveta.nikolaev.48@demo.com,89994647658
40,Svetlana,Borisova,svetlana.borisova.49@mail.com,89744099640
41,Mikhail,Maximov,mikhail.maximov.50@demo.com,89566938191
42,Tatyana,Sokolova,tatyana.sokolova.51@example.com,89697218959
43,Polina,Petrov,polina.petrov.52@demo.com,89476375727
45,Sofia,Popova,sofia.popova.54@mail.com,89638579327
47,Irina,Petrov,irina.petrov.56@example.com,89663774042
49,Dmitry,Volkova,dmitry.volkova.58@mail.com,89417551782
50,Svetlana,Andreev,svetlana.andreev.59@mail.com,89982905600
51,Vladimir,Alekseev,vladimir.alekseev.60@mail.com,89254249956
52,Sergey,Volkova,sergey.volkova.61@example.com,89739841805
53,Sofia,Kiseleva,sofia.kiseleva.62@example.com,89866242277
54,Zoya,Guseva,zoya.guseva.63@example.com,89483930115
55,Victoria,Frolova,victoria.frolova.64@example.com,89396212716
56,Alexandra,Nikolaev,alexandra.nikolaev.65@demo.com,89484412806
58,Polina,Tikhomirova,polina.tikhomirova.67@demo.com,89520139196
59,Margarita,Sokolova,margarita.sokolova.68@mail.com,89652380174
61,Ksenia,Mikhailov,ksenia.mikhailov.70@mail.com,89451125435
62,Petr,Maximov,petr.maximov.71@example.com,89562232673
63,Irina,Maximov,irina.maximov.72@demo.com,89257005849
64,Anastasia,Vladimirov,anastasia.vladimirov.73@demo.com,89675158606
65,Olga,Volkova,olga.volkova.74@test.com,89329332992
66,Olga,Komarova,olga.komarova.75@mail.com,89444428766
67,Sofia,Kozlova,sofia.kozlova.76@demo.com,89513501494
68,Anastasia,Smirnova,anastasia.smirnova.77@demo.com,89565674056
69,Ksenia,Ivanov,ksenia.ivanov.78@mail.com,89581604624
70,Irina,Lebedeva,irina.lebedeva.79@mail.com,89832920348
71,Zoya,Borisova,zoya.borisova.80@mail.com,89828920705
72,Elizaveta,Sokolova,elizaveta.sokolova.81@demo.com,89425400892
73,Dmitry,Mikhailov,dmitry.mikhailov.82@demo.com,89380433436
74,Yulia,Mikhailov,yulia.mikhailov.83@mail.com,89213263806
75,Andrey,Nikolaev,andrey.nikolaev.84@mail.com,89177003770
76,Vladimir,Ivanov,vladimir.ivanov.85@test.com,89971146998
77,Petr,Frolova,petr.frolova.86@example.com,89450673007
79,Ekaterina,Andreev,ekaterina.andreev.88@mail.com,89847772487
80,Alexey,Pavlova,alexey.pavlova.89@example.com,89327514165
81,Alexey,Alekseev,alexey.alekseev.90@example.com,89222408461
82,Ivan,Tikhomirova,ivan.tikhomirova.91@example.com,89659269007
83,Vladimir,Andreev,vladimir.andreev.92@test.com,89633545932
84,Margarita,Zaitseva,margarita.zaitseva.93@mail.com,89789198704
85,Zoya,Komarova,zoya.komarova.94@test.com,89146738904
86,Svetlana,Frolova,svetlana.frolova.95@mail.com,89131520420
87,Margarita,Zaitseva,margarita.zaitseva.96@test.com,89824937613
88,Tatyana,Zaitseva,tatyana.zaitseva.97@demo.com,89992683165
89,Darya,Morozova,darya.morozova.98@test.com,89588336438
90,Sergey,Morozova,sergey.morozova.99@demo.com,89992562447
92,Andrey,Maximov,andrey.maximov.101@demo.com,89647928925
93,Alexey,Komarova,alexey.komarova.102@demo.com,89373692089
94,Yulia,Maximov,yulia.maximov.103@test.com,89866737270
95,Petr,Tikhomirova,petr.tikhomirova.104@test.com,89147660877
97,Zoya,Maximov,zoya.maximov.106@mail.com,89263228659
99,Elizaveta,Maximov,elizaveta.maximov.108@mail.com,89156285528
100,Nadezhda,Popova,nadezhda.popova.109@example.com,89478699039
101,Mikhail,Andreev,mikhail.andreev.110@example.com,89754391827
102,Yulia,Kuznetsova,yulia.kuznetsova.111@example.com,89112264502
103,Alexey,Mikhailov,alexey.mikhailov.112@example.com,89101301327
104,Darya,Kuznetsova,darya.kuznetsova.113@example.com,89490563053
105,Anna,Dmitriev,anna.dmitriev.114@test.com,89932186550
106,Elizaveta,Lebedeva,elizaveta.lebedeva.115@demo.com,89210286664
107,Nikolay,Lebedeva,nikolay.lebedeva.116@example.com,89895650616
108,Ivan,Morozova,ivan.morozova.117@mail.com,89138233133
109,Lyubov,Borisova,lyubov.borisova.118@mail.com,89841907754
110,Dmitry,Novikova,dmitry.novikova.119@test.com,89954677102
111,Victoria,Kozlova,victoria.kozlova.120@example.com,89758691240
112,Ksenia,Kuznetsova,ksenia.kuznetsova.121@mail.com,89979540240
113,Tatyana,Volkova,tatyana.volkova.122@demo.com,89136030449
114,Natalya,Popova,natalya.popova.123@example.com,89375423333
115,Svetlana,Popova,svetlana.popova.124@demo.com,89648164074
116,Anna,Belova,anna.belova.125@demo.com,89282702484
117,Alexey,Ivanov,alexey.ivanov.126@test.com,89769249788
118,Margarita,Dmitriev,margarita.dmitriev.127@test.com,89646736788
119,Ksenia,Guseva,ksenia.guseva.128@mail.com,89135664503
120,Natalya,Lebedeva,natalya.lebedeva.129@mail.com,89730439691
122,Polina,Dmitriev,polina.dmitriev.131@demo.com,89912746992
123,Ksenia,Belova,ksenia.belova.132@mail.com,89510512454
124,Olga,Smirnova,olga.smirnova.133@demo.com,89214230300
125,Irina,Frolova,irina.frolova.134@mail.com,89610393705
126,Nikolay,Petrov,nikolay.petrov.135@example.com,89380222440
127,Tatyana,Vladimirov,tatyana.vladimirov.136@demo.com,89416099277
130,Polina,Smirnova,polina.smirnova.139@test.com,89650273223
131,Sofia,Sokolova,sofia.sokolova.140@mail.com,89662408676
132,Vladimir,Sokolova,vladimir.sokolova.141@mail.com,89490982078
133,Lyubov,Sokolova,lyubov.sokolova.142@example.com,89816095869
134,Darya,Belova,darya.belova.143@mail.com,89522408571
135,Ekaterina,Maximov,ekaterina.maximov.144@demo.com,89805682350
136,Maria,Novikova,maria.novikova.145@mail.com,89492417596
137,Lyubov,Novikova,lyubov.novikova.146@demo.com,89210433546
138,Alexey,Vladimirov,alexey.vladimirov.147@example.com,89852319473
139,Ksenia,Vladimirov,ksenia.vladimirov.148@mail.com,89579082542
140,Ekaterina,Mikhailov,ekaterina.mikhailov.149@example.com,89335403976
142,Lyubov,Sergeev,lyubov.sergeev.151@test.com,89961398349
143,Andrey,Vinogradova,andrey.vinogradova.152@demo.com,89781156944
144,Maria,Guseva,maria.guseva.153@test.com,89363579289
145,Alexandra,Vinogradova,alexandra.vinogradova.154@example.com,89678320893
146,Dmitry,Sokolova,dmitry.sokolova.155@mail.com,89480175916
147,Alexandra,Guseva,alexandra.guseva.156@mail.com,89470894781
148,Victoria,Sokolova,victoria.sokolova.157@example.com,89942222212
150,Sergey,Morozova,sergey.morozova.159@demo.com,89189607251
151,Nikolay,Popova,nikolay.popova.160@demo.com,89765752689
152,Margarita,Guseva,margarita.guseva.161@test.com,89616405768
153,Alexandra,Maximov,alexandra.maximov.162@example.com,89471127625
154,Alexandra,Pavlova,alexandra.pavlova.163@mail.com,89512543949
155,Yulia,Nikolaev,yulia.nikolaev.164@test.com,89326288313
156,Svetlana,Kiseleva,svetlana.kiseleva.165@mail.com,89726034764
157,Natalya,Ivanov,natalya.ivanov.166@mail.com,89878673977
158,Ksenia,Borisova,ksenia.borisova.167@mail.com,89884290590
159,Margarita,Nikolaev,margarita.nikolaev.168@mail.com,89251911086
160,Tatyana,Borisova,tatyana.borisova.169@demo.com,89526854782
161,Alexey,Kuznetsova,alexey.kuznetsova.170@example.com,89676578854
162,Vladimir,Komarova,vladimir.komarova.171@mail.com,89248371827
164,Nadezhda,Kiseleva,nadezhda.kiseleva.173@example.com,89840912220
165,Ekaterina,Mikhailov,ekaterina.mikhailov.174@demo.com,89150761393
166,Irina,Belova,irina.belova.175@mail.com,89656256364
167,Sergey,Popova,sergey.popova.176@mail.com,89624477371
168,Petr,Mikhailov,petr.mikhailov.177@mail.com,89899032163
170,Yulia,Petrov,yulia.petrov.179@mail.com,89603687917
171,Dmitry,Lebedeva,dmitry.lebedeva.180@example.com,89830535872
172,Dmitry,Tikhomirova,dmitry.tikhomirova.181@demo.com,89263516088
173,Petr,Popova,petr.popova.182@test.com,89353167112
174,Ekaterina,Borisova,ekaterina.borisova.183@test.com,89986965978
175,Ksenia,Pavlova,ksenia.pavlova.184@mail.com,89678605368
176,Victoria,Zaitseva,victoria.zaitseva.185@example.com,89995606359
177,Svetlana,Volkova,svetlana.volkova.186@demo.com,89484778566
178,Tatyana,Frolova,tatyana.frolova.187@example.com,89736003076
179,Olga,Morozova,olga.morozova.188@example.com,89561226673
183,Dmitry,Guseva,dmitry.guseva.192@mail.com,89363488506
184,Petr,Petrov,petr.petrov.193@demo.com,89362313391
185,Nikolay,Maximov,nikolay.maximov.194@demo.com,89788454451
186,Elena,Popova,elena.popova.195@example.com,89941528840
187,Alexandra,Lebedeva,alexandra.lebedeva.196@example.com,89393240867
188,Victoria,Orlova,victoria.orlova.197@test.com,89891684548
189,Elizaveta,Maximov,elizaveta.maximov.198@mail.com,89859179704
190,Sergey,Morozova,sergey.morozova.199@example.com,89202319886
192,Anastasia,Orlova,anastasia.orlova.201@demo.com,89813067855
193,Irina,Frolova,irina.frolova.202@example.com,89922369657
195,Sofia,Kiseleva,sofia.kiseleva.204@mail.com,89400867973
196,Dmitry,Zaitseva,dmitry.zaitseva.205@test.com,89688873849
199,Irina,Andreev,irina.andreev.208@mail.com,89874990852
200,Veronika,Kuznetsova,veronika.kuznetsova.209@test.com,89909404841
201,Tatyana,Frolova,tatyana.frolova.210@mail.com,89451132011
202,Alexandra,Komarova,alexandra.komarova.211@demo.com,89317631071
203,Petr,Kuznetsova,petr.kuznetsova.212@example.com,89286416638
205,Veronika,Dmitriev,veronika.dmitriev.214@example.com,89873624972
208,Vladimir,Kiseleva,vladimir.kiseleva.217@example.com,89366859872
209,Ksenia,Sokolova,ksenia.sokolova.218@mail.com,89242117621
210,Victoria,Tikhomirova,victoria.tikhomirova.219@example.com,89351458977
211,Sofia,Lebedeva,sofia.lebedeva.220@mail.com,89574306974
212,Ksenia,Ivanov,ksenia.ivanov.221@demo.com,89908065082
213,Petr,Popova,petr.popova.222@demo.com,89159256330
214,Maria,Novikova,maria.novikova.223@example.com,89729297100
215,Tatyana,Kuznetsova,tatyana.kuznetsova.224@example.com,89312984943
217,Andrey,Alekseev,andrey.alekseev.226@mail.com,89898137243
221,Ksenia,Borisova,ksenia.borisova.230@demo.com,89830391224
222,Olga,Komarova,olga.komarova.231@test.com,89503987808
223,Lyubov,Kiseleva,lyubov.kiseleva.232@test.com,89623962132
224,Ekaterina,Petrov,ekaterina.petrov.233@demo.com,89479620832
225,Ekaterina,Kuznetsova,ekaterina.kuznetsova.234@mail.com,89159049543
227,Natalya,Kuznetsova,natalya.kuznetsova.236@mail.com,89896314216
228,Dmitry,Andreev,dmitry.andreev.237@demo.com,89261336209
229,Zoya,Alekseev,zoya.alekseev.238@test.com,89573380606
230,Lyubov,Belova,lyubov.belova.239@mail.com,89921476950
231,Nadezhda,Pavlova,nadezhda.pavlova.240@mail.com,89105416703
232,Sofia,Frolova,sofia.frolova.241@test.com,89715693779
233,Sergey,Komarova,sergey.komarova.242@example.com,89883552011
234,Ksenia,Maximov,ksenia.maximov.243@mail.com,89168402698
236,Nadezhda,Pavlova,nadezhda.pavlova.245@test.com,89992109779
237,Vladimir,Orlova,vladimir.orlova.246@demo.com,89553041887
238,Svetlana,Orlova,svetlana.orlova.247@demo.com,89854980877
239,Ekaterina,Orlova,ekaterina.orlova.248@mail.com,89482308310
240,Svetlana,Kiseleva,svetlana.kiseleva.249@demo.com,89222193317
241,Irina,Orlova,irina.orlova.250@example.com,89915469522
242,Vladimir,Smirnova,vladimir.smirnova.251@example.com,89247119421
244,Vladimir,Orlova,vladimir.orlova.253@demo.com,89336000632
245,Alexandra,Kiseleva,alexandra.kiseleva.254@example.com,89275224024
246,Andrey,Borisova,andrey.borisova.255@test.com,89349670037
250,Darya,Morozova,darya.morozova.259@mail.com,89896146578
251,Olga,Sokolova,olga.sokolova.260@test.com,89290592988
252,Vladimir,Vladimirov,vladimir.vladimirov.261@example.com,89749863971
253,Anna,Novikova,anna.novikova.262@demo.com,89279193798
254,Zoya,Kiseleva,zoya.kiseleva.263@example.com,89217717693
255,Zoya,Dmitriev,zoya.dmitriev.264@demo.com,89665471404
257,Irina,Dmitriev,irina.dmitriev.266@example.com,89962765176
258,Elizaveta,Borisova,elizaveta.borisova.267@example.com,89119706226
259,Nadezhda,Kozlova,nadezhda.kozlova.268@mail.com,89588307822
260,Ekaterina,Vinogradova,ekaterina.vinogradova.269@demo.com,89807313907
261,Nikolay,Kozlova,nikolay.kozlova.270@test.com,89498825576
262,Maxim,Andreev,maxim.andreev.271@mail.com,89768827576
264,Lyubov,Komarova,lyubov.komarova.273@example.com,89404727293
266,Margarita,Sokolova,margarita.sokolova.275@mail.com,89735284892
267,Yulia,Kozlova,yulia.kozlova.276@demo.com,89895598201
268,Ekaterina,Sergeev,ekaterina.sergeev.277@mail.com,89842680242
269,Irina,Popova,irina.popova.278@mail.com,89402072938
270,Zoya,Komarova,zoya.komarova.279@demo.com,89741794325
271,Dmitry,Zaitseva,dmitry.zaitseva.280@test.com,89775828015
272,Veronika,Lebedeva,veronika.lebedeva.281@test.com,89590249596
275,Anastasia,Frolova,anastasia.frolova.284@example.com,89192445270
276,Svetlana,Tikhomirova,svetlana.tikhomirova.285@mail.com,89193386586
277,Victoria,Morozova,victoria.morozova.286@mail.com,89853658315
279,Maria,Mikhailov,maria.mikhailov.288@test.com,89735393084
280,Alexandra,Smirnova,alexandra.smirnova.289@test.com,89433586183
281,Ekaterina,Vinogradova,ekaterina.vinogradova.290@mail.com,89103359492
282,Darya,Vinogradova,darya.vinogradova.291@test.com,89265080472
283,Veronika,Orlova,veronika.orlova.292@example.com,89299832504
284,Elizaveta,Zaitseva,elizaveta.zaitseva.293@test.com,89399386051
285,Lyubov,Vinogradova,lyubov.vinogradova.294@test.com,89258050362
287,Ivan,Popova,ivan.popova.296@mail.com,89943701578
288,Darya,Ivanov,darya.ivanov.297@example.com,89583086056
289,Alexey,Alekseev,alexey.alekseev.298@test.com,89930369494
290,Natalya,Mikhailov,natalya.mikhailov.299@mail.com,89833751283
291,Sofia,Frolova,sofia.frolova.300@example.com,89408449167
293,Yulia,Frolova,yulia.frolova.302@test.com,89337706766
294,Natalya,Andreev,natalya.andreev.303@demo.com,89463137797
295,Victoria,Pavlova,victoria.pavlova.304@mail.com,89654382125
296,Yulia,Kiseleva,yulia.kiseleva.305@mail.com,89682956729
297,Mikhail,Smirnova,mikhail.smirnova.306@mail.com,89966518932
298,Sofia,Alekseev,sofia.alekseev.307@example.com,89631611588
299,Ivan,Novikova,ivan.novikova.308@mail.com,89883255297
300,Sofia,Sergeev,sofia.sergeev.309@example.com,89119512638
301,Sergey,Dmitriev,sergey.dmitriev.310@mail.com,89636535774
302,Polina,Lebedeva,polina.lebedeva.311@test.com,89367236224
303,Andrey,Ivanov,andrey.ivanov.312@example.com,89538087379
304,Zoya,Ivanov,zoya.ivanov.313@demo.com,89935635631
306,Sergey,Frolova,sergey.frolova.315@demo.com,89430599215
307,Irina,Mikhailov,irina.mikhailov.316@test.com,89694007200
308,Veronika,Lebedeva,veronika.lebedeva.317@mail.com,89509825948
309,Nikolay,Zaitseva,nikolay.zaitseva.318@test.com,89950216889
311,Ekaterina,Ivanov,ekaterina.ivanov.320@demo.com,89634761973
312,Nikolay,Nikolaev,nikolay.nikolaev.321@test.com,89225638381
313,Mikhail,Kuznetsova,mikhail.kuznetsova.322@test.com,89168217206
315,Yulia,Kiseleva,yulia.kiseleva.324@example.com,89892962581
316,Lyubov,Zaitseva,lyubov.zaitseva.325@demo.com,89734670812
317,Alexandra,Novikova,alexandra.novikova.326@example.com,89140420587
319,Nadezhda,Mikhailov,nadezhda.mikhailov.328@demo.com,89875429705
320,Mikhail,Novikova,mikhail.novikova.329@mail.com,89321703323
321,Irina,Frolova,irina.frolova.330@mail.com,89706597445
322,Lyubov,Popova,lyubov.popova.331@demo.com,89133166345
323,Nadezhda,Kiseleva,nadezhda.kiseleva.332@mail.com,89319894925
324,Maxim,Zaitseva,maxim.zaitseva.333@demo.com,89275213646
325,Zoya,Vladimirov,zoya.vladimirov.334@mail.com,89968717726
326,Ksenia,Tikhomirova,ksenia.tikhomirova.335@mail.com,89117170537
327,Maria,Vladimirov,maria.vladimirov.336@mail.com,89426279189
328,Dmitry,Morozova,dmitry.morozova.337@demo.com,89454584582
329,Margarita,Guseva,margarita.guseva.338@example.com,89802198588
330,Ekaterina,Sergeev,ekaterina.sergeev.339@demo.com,89915322468
331,Mikhail,Novikova,mikhail.novikova.340@demo.com,89236806749
332,Andrey,Popova,andrey.popova.341@example.com,89683214057
334,Olga,Mikhailov,olga.mikhailov.343@test.com,89608685399
335,Veronika,Belova,veronika.belova.344@mail.com,89969875739
336,Anastasia,Vinogradova,anastasia.vinogradova.345@test.com,89988957932
337,Yulia,Sergeev,yulia.sergeev.346@example.com,89669011660
338,Anastasia,Komarova,anastasia.komarova.347@mail.com,89184399939
339,Anastasia,Frolova,anastasia.frolova.348@demo.com,89282933125
340,Lyubov,Guseva,lyubov.guseva.349@demo.com,89828651499
341,Nadezhda,Mikhailov,nadezhda.mikhailov.350@test.com,89188964701
342,Maxim,Tikhomirova,maxim.tikhomirova.351@test.com,89322146793
343,Maria,Kozlova,maria.kozlova.352@mail.com,89752741226
344,Alexey,Borisova,alexey.borisova.353@example.com,89630284090
345,Ksenia,Komarova,ksenia.komarova.354@example.com,89865024353
346,Margarita,Lebedeva,margarita.lebedeva.355@demo.com,89547207182
347,Lyubov,Komarova,lyubov.komarova.356@test.com,89681636699
348,Nikolay,Mikhailov,nikolay.mikhailov.357@mail.com,89227661358
350,Elizaveta,Sokolova,elizaveta.sokolova.359@test.com,89196084974
353,Sergey,Popova,sergey.popova.362@example.com,89507601015
355,Veronika,Andreev,veronika.andreev.364@example.com,89728328937
356,Dmitry,Kiseleva,dmitry.kiseleva.365@mail.com,89308949982
357,Ekaterina,Komarova,ekaterina.komarova.366@test.com,89904849608
358,Olga,Lebedeva,olga.lebedeva.367@test.com,89477123662
359,Margarita,Nikolaev,margarita.nikolaev.368@test.com,89277947286
360,Maxim,Kuznetsova,maxim.kuznetsova.369@mail.com,89238618085
361,Alexey,Tikhomirova,alexey.tikhomirova.370@example.com,89841058013
362,Alexandra,Alekseev,alexandra.alekseev.371@mail.com,89525490342
363,Tatyana,Orlova,tatyana.orlova.372@test.com,89776360898
364,Andrey,Borisova,andrey.borisova.373@mail.com,89268368493
365,Mikhail,Novikova,mikhail.novikova.374@test.com,89603414518
366,Elena,Dmitriev,elena.dmitriev.375@demo.com,89896969534
367,Elena,Lebedeva,elena.lebedeva.376@mail.com,89401790220
368,Anna,Belova,anna.belova.377@example.com,89362685011
369,Petr,Lebedeva,petr.lebedeva.378@test.com,89142150113
370,Polina,Borisova,polina.borisova.379@mail.com,89569183581
371,Zoya,Frolova,zoya.frolova.380@mail.com,89641185657
373,Elena,Kuznetsova,elena.kuznetsova.382@mail.com,89449784397
374,Nikolay,Petrov,nikolay.petrov.383@example.com,89678435199
375,Elena,Mikhailov,elena.mikhailov.384@test.com,89775667958
376,Dmitry,Vinogradova,dmitry.vinogradova.385@demo.com,89960243965
377,Natalya,Pavlova,natalya.pavlova.386@demo.com,89232451479
378,Mikhail,Borisova,mikhail.borisova.387@mail.com,89789074716
379,Natalya,Nikolaev,natalya.nikolaev.388@demo.com,89223346115
380,Anastasia,Alekseev,anastasia.alekseev.389@test.com,89670564644
381,Anna,Popova,anna.popova.390@demo.com,89765923186
382,Olga,Pavlova,olga.pavlova.391@mail.com,89103601979
384,Elizaveta,Maximov,elizaveta.maximov.393@demo.com,89109994977
388,Nikolay,Tikhomirova,nikolay.tikhomirova.397@demo.com,89615020519
389,Petr,Komarova,petr.komarova.398@demo.com,89867905623
390,Maxim,Alekseev,maxim.alekseev.399@demo.com,89626526671
391,Sergey,Komarova,sergey.komarova.400@test.com,89165591995
395,Ksenia,Vladimirov,ksenia.vladimirov.404@example.com,89452560163
396,Maria,Smirnova,maria.smirnova.405@test.com,89889123131
397,Tatyana,Novikova,tatyana.novikova.406@example.com,89271115184
398,Zoya,Sokolova,zoya.sokolova.407@test.com,89162769006
400,Natalya,Popova,natalya.popova.409@example.com,89407617362
401,Tatyana,Smirnova,tatyana.smirnova.410@test.com,89299830342
402,Natalya,Lebedeva,natalya.lebedeva.411@test.com,89225877714
403,Sofia,Vladimirov,sofia.vladimirov.412@example.com,89971869549
404,Anastasia,Vladimirov,anastasia.vladimirov.413@demo.com,89256726456
405,Margarita,Kiseleva,margarita.kiseleva.414@demo.com,89837748959
406,Nadezhda,Maximov,nadezhda.maximov.415@mail.com,89876716375
407,Nikolay,Borisova,nikolay.borisova.416@demo.com,89789644615
408,Yulia,Frolova,yulia.frolova.417@mail.com,89484533807
410,Lyubov,Sergeev,lyubov.sergeev.419@example.com,89852727131
411,Maria,Guseva,maria.guseva.420@example.com,89341672544
412,Anna,Sokolova,anna.sokolova.421@example.com,89251684907
413,Polina,Guseva,polina.guseva.422@mail.com,89426069965
416,Nadezhda,Morozova,nadezhda.morozova.425@example.com,89886310841
419,Maxim,Mikhailov,maxim.mikhailov.428@demo.com,89685619967
420,Elena,Pavlova,elena.pavlova.429@demo.com,89519220507
421,Vladimir,Sokolova,vladimir.sokolova.430@example.com,89225950125
423,Ksenia,Nikolaev,ksenia.nikolaev.432@test.com,89900448271
425,Sergey,Novikova,sergey.novikova.434@example.com,89824052865
426,Ivan,Lebedeva,ivan.lebedeva.435@demo.com,89728280411
427,Andrey,Vladimirov,andrey.vladimirov.436@mail.com,89890568463
429,Alexandra,Smirnova,alexandra.smirnova.438@demo.com,89525472711
430,Irina,Guseva,irina.guseva.439@mail.com,89121755209
431,Ivan,Petrov,ivan.petrov.440@example.com,89389313771
433,Polina,Smirnova,polina.smirnova.442@test.com,89665815046
434,Mikhail,Vladimirov,mikhail.vladimirov.443@test.com,89942121874
435,Maria,Vinogradova,maria.vinogradova.444@demo.com,89465235154
436,Anna,Zaitseva,anna.zaitseva.445@example.com,89244288694
437,Sergey,Vinogradova,sergey.vinogradova.446@mail.com,89867073549
439,Ekaterina,Tikhomirova,ekaterina.tikhomirova.448@mail.com,89962264555
440,Alexandra,Volkova,alexandra.volkova.449@mail.com,89440384218
441,Petr,Petrov,petr.petrov.450@demo.com,89799238495
442,Elena,Smirnova,elena.smirnova.451@mail.com,89447838959
443,Alexandra,Nikolaev,alexandra.nikolaev.452@demo.com,89638093077
444,Ksenia,Guseva,ksenia.guseva.453@example.com,89977263597
446,Natalya,Frolova,natalya.frolova.455@example.com,89114940755
447,Sofia,Dmitriev,sofia.dmitriev.456@example.com,89267112214
448,Sergey,Vinogradova,sergey.vinogradova.457@demo.com,89433908259
449,Elena,Tikhomirova,elena.tikhomirova.458@demo.com,89694631660
450,Sofia,Lebedeva,sofia.lebedeva.459@test.com,89858604547
451,Lyubov,Smirnova,lyubov.smirnova.460@test.com,89463382427
452,Elena,Petrov,elena.petrov.461@demo.com,89307355980
453,Natalya,Petrov,natalya.petrov.462@example.com,89163183628
454,Svetlana,Novikova,svetlana.novikova.463@demo.com,89391223303
455,Olga,Popova,olga.popova.464@example.com,89431865361
458,Yulia,Smirnova,yulia.smirnova.467@example.com,89158222444
460,Zoya,Guseva,zoya.guseva.469@test.com,89881157602
461,Margarita,Kozlova,margarita.kozlova.470@demo.com,89155541671
462,Vladimir,Kiseleva,vladimir.kiseleva.471@mail.com,89959112049
463,Natalya,Komarova,natalya.komarova.472@test.com,89707001571
464,Yulia,Lebedeva,yulia.lebedeva.473@demo.com,89473348870
465,Nikolay,Andreev,nikolay.andreev.474@demo.com,89386788739
467,Natalya,Volkova,natalya.volkova.476@demo.com,89990531051
469,Tatyana,Komarova,tatyana.komarova.478@demo.com,89739666297
470,Ekaterina,Lebedeva,ekaterina.lebedeva.479@demo.com,89180358379
471,Lyubov,Borisova,lyubov.borisova.480@test.com,89962179942
472,Tatyana,Andreev,tatyana.andreev.481@mail.com,89340497213
473,Lyubov,Alekseev,lyubov.alekseev.482@test.com,89470879739
475,Anna,Frolova,anna.frolova.484@example.com,89906267908
476,Polina,Sokolova,polina.sokolova.485@example.com,89310148615
477,Darya,Pavlova,darya.pavlova.486@demo.com,89407542146
479,Natalya,Volkova,natalya.volkova.488@mail.com,89981059618
480,Vladimir,Sokolova,vladimir.sokolova.489@example.com,89312583985
481,Sofia,Komarova,sofia.komarova.490@demo.com,89327145736
482,Irina,Volkova,irina.volkova.491@demo.com,89514547839
483,Sofia,Popova,sofia.popova.492@demo.com,89632191623
484,Sergey,Kozlova,sergey.kozlova.493@demo.com,89577424319
485,Andrey,Borisova,andrey.borisova.494@demo.com,89127800919
486,Alexey,Novikova,alexey.novikova.495@example.com,89138043560
487,Ekaterina,Sergeev,ekaterina.sergeev.496@test.com,89936478230
488,Lyubov,Borisova,lyubov.borisova.497@mail.com,89913205123
489,Polina,Frolova,polina.frolova.498@mail.com,89402923393
490,Natalya,Novikova,natalya.novikova.499@example.com,89513555103
491,Nadezhda,Borisova,nadezhda.borisova.500@test.com,89647173726
492,Lyubov,Petrov,lyubov.petrov.501@example.com,89199460122
494,Ekaterina,Popova,ekaterina.popova.503@mail.com,89484248144
495,Anastasia,Andreev,anastasia.andreev.504@test.com,89942629638
497,Svetlana,Komarova,svetlana.komarova.506@demo.com,89456370807
498,Vladimir,Maximov,vladimir.maximov.507@demo.com,89990310673
499,Olga,Belova,olga.belova.508@mail.com,89981021652
500,Polina,Vinogradova,polina.vinogradova.509@example.com,89690043821
501,Andrey,Kiseleva,andrey.kiseleva.510@example.com,89289783339
502,Lyubov,Orlova,lyubov.orlova.511@demo.com,89908504600
503,Ekaterina,Morozova,ekaterina.morozova.512@mail.com,89537208664
504,Sofia,Morozova,sofia.morozova.513@example.com,89263580857
505,Maria,Andreev,maria.andreev.514@test.com,89469621344
506,Margarita,Volkova,margarita.volkova.515@demo.com,89323948750
507,Nikolay,Zaitseva,nikolay.zaitseva.516@test.com,89108194524
510,Mikhail,Smirnova,mikhail.smirnova.519@demo.com,89746622791
511,Tatyana,Dmitriev,tatyana.dmitriev.520@test.com,89464937392
512,Polina,Kozlova,polina.kozlova.521@test.com,89538674704
513,Yulia,Dmitriev,yulia.dmitriev.522@demo.com,89767839072
515,Anna,Orlova,anna.orlova.524@demo.com,89160116460
516,Mikhail,Mikhailov,mikhail.mikhailov.525@demo.com,89874761081
517,Maxim,Frolova,maxim.frolova.526@demo.com,89307815767
518,Nadezhda,Kiseleva,nadezhda.kiseleva.527@example.com,89471289898
519,Olga,Sokolova,olga.sokolova.528@test.com,89257895522
520,Darya,Lebedeva,darya.lebedeva.529@mail.com,89132489397
521,Vladimir,Maximov,vladimir.maximov.530@example.com,89498790136
522,Alexandra,Petrov,alexandra.petrov.531@demo.com,89637372242
524,Mikhail,Vladimirov,mikhail.vladimirov.533@test.com,89471864172
525,Andrey,Novikova,andrey.novikova.534@example.com,89995768369
526,Ksenia,Volkova,ksenia.volkova.535@demo.com,89739935379
527,Lyubov,Belova,lyubov.belova.536@mail.com,89675804774
528,Vladimir,Nikolaev,vladimir.nikolaev.537@demo.com,89727383261
529,Polina,Dmitriev,polina.dmitriev.538@test.com,89400205540
530,Olga,Smirnova,olga.smirnova.539@example.com,89588770160
532,Nikolay,Petrov,nikolay.petrov.541@test.com,89895054632
533,Olga,Guseva,olga.guseva.542@test.com,89893974515
534,Nikolay,Dmitriev,nikolay.dmitriev.543@test.com,89294762853
535,Tatyana,Vladimirov,tatyana.vladimirov.544@test.com,89319050456
536,Natalya,Vladimirov,natalya.vladimirov.545@mail.com,89588735807
537,Vladimir,Guseva,vladimir.guseva.546@demo.com,89799802966
538,Ivan,Volkova,ivan.volkova.547@mail.com,89663079341
539,Maxim,Vladimirov,maxim.vladimirov.548@example.com,89482970309
540,Maxim,Novikova,maxim.novikova.549@mail.com,89276375109
543,Natalya,Vinogradova,natalya.vinogradova.552@demo.com,89210114635
544,Ekaterina,Dmitriev,ekaterina.dmitriev.553@mail.com,89846113129
545,Zoya,Ivanov,zoya.ivanov.554@test.com,89240179105
546,Ekaterina,Frolova,ekaterina.frolova.555@mail.com,89583661373
547,Nadezhda,Kuznetsova,nadezhda.kuznetsova.556@example.com,89983196726
548,Victoria,Mikhailov,victoria.mikhailov.557@example.com,89289822453
549,Veronika,Novikova,veronika.novikova.558@demo.com,89419446943
550,Lyubov,Zaitseva,lyubov.zaitseva.559@test.com,89210834414
551,Yulia,Morozova,yulia.morozova.560@test.com,89191521147
552,Alexey,Maximov,alexey.maximov.561@mail.com,89725936887
553,Anastasia,Kozlova,anastasia.kozlova.562@mail.com,89919406341
555,Darya,Ivanov,darya.ivanov.564@mail.com,89118333791
557,Lyubov,Vinogradova,lyubov.vinogradova.566@mail.com,89348251894
558,Irina,Morozova,irina.morozova.567@mail.com,89260092598
559,Victoria,Nikolaev,victoria.nikolaev.568@mail.com,89395151714
560,Sofia,Popova,sofia.popova.569@demo.com,89268359814
561,Natalya,Vladimirov,natalya.vladimirov.570@example.com,89529233114
562,Polina,Lebedeva,polina.lebedeva.571@example.com,89441200649
563,Nikolay,Belova,nikolay.belova.572@test.com,89555461575
567,Ekaterina,Volkova,ekaterina.volkova.576@mail.com,89338960428
568,Sergey,Zaitseva,sergey.zaitseva.577@demo.com,89410454131
569,Polina,Smirnova,polina.smirnova.578@demo.com,89338739831
571,Andrey,Volkova,andrey.volkova.580@mail.com,89191477822
572,Darya,Kuznetsova,darya.kuznetsova.581@test.com,89307685779
573,Vladimir,Ivanov,vladimir.ivanov.582@mail.com,89860147404
574,Natalya,Vladimirov,natalya.vladimirov.583@demo.com,89385514842
575,Yulia,Dmitriev,yulia.dmitriev.584@mail.com,89200394326
576,Maxim,Novikova,maxim.novikova.585@demo.com,89349085192
577,Vladimir,Komarova,vladimir.komarova.586@test.com,89359900910
578,Dmitry,Pavlova,dmitry.pavlova.587@demo.com,89437568002
579,Victoria,Nikolaev,victoria.nikolaev.588@example.com,89960449591
581,Anastasia,Nikolaev,anastasia.nikolaev.590@test.com,89220156680
583,Zoya,Frolova,zoya.frolova.592@test.com,89224969100
584,Alexey,Sokolova,alexey.sokolova.593@mail.com,89558336923
585,Vladimir,Sokolova,vladimir.sokolova.594@demo.com,89255206999
587,Sergey,Alekseev,sergey.alekseev.596@demo.com,89765006204
588,Tatyana,Orlova,tatyana.orlova.597@test.com,89881126208
589,Sofia,Vladimirov,sofia.vladimirov.598@demo.com,89138129262
590,Victoria,Tikhomirova,victoria.tikhomirova.599@mail.com,89148045213
591,Ksenia,Dmitriev,ksenia.dmitriev.600@test.com,89901761666
592,Vladimir,Dmitriev,vladimir.dmitriev.601@example.com,89232616798
593,Nadezhda,Nikolaev,nadezhda.nikolaev.602@demo.com,89923400089
594,Lyubov,Kozlova,lyubov.kozlova.603@example.com,89791952148
595,Petr,Pavlova,petr.pavlova.604@test.com,89238624823
596,Darya,Komarova,darya.komarova.605@demo.com,89578842405
597,Nikolay,Vinogradova,nikolay.vinogradova.606@demo.com,89914488551
598,Veronika,Vladimirov,veronika.vladimirov.607@example.com,89267904733
599,Svetlana,Novikova,svetlana.novikova.608@mail.com,89362774157
600,Ekaterina,Smirnova,ekaterina.smirnova.609@demo.com,89386912904
601,John,Doe,john.doe@example.com,89000000011
1,Maxim,Dmitriev,maxim.dmitriev.10@email.com,000-000-0000
5,Maxim,Sokolova,maxim.sokolova.14@email.com,000-000-0000
8,Natalya,Guseva,natalya.guseva.17@email.com,000-000-0000
10,Elena,Zaitseva,elena.zaitseva.19@email.com,000-000-0000
15,Maria,Pavlova,maria.pavlova.24@email.com,000-000-0000
33,Veronika,Volkova,veronika.volkova.42@email.com,000-000-0000
35,Nadezhda,Borisova,nadezhda.borisova.44@email.com,000-000-0000
44,Sergey,Sergeev,sergey.sergeev.53@email.com,000-000-0000
46,Sofia,Tikhomirova,sofia.tikhomirova.55@email.com,000-000-0000
48,Darya,Sergeev,darya.sergeev.57@email.com,000-000-0000
57,Sergey,Lebedeva,sergey.lebedeva.66@email.com,000-000-0000
60,Vladimir,Tikhomirova,vladimir.tikhomirova.69@email.com,000-000-0000
78,Ivan,Vinogradova,ivan.vinogradova.87@email.com,000-000-0000
91,Maxim,Pavlova,maxim.pavlova.100@email.com,000-000-0000
96,Darya,Popova,darya.popova.105@email.com,000-000-0000
98,Ksenia,Volkova,ksenia.volkova.107@email.com,000-000-0000
121,Nadezhda,Komarova,nadezhda.komarova.130@email.com,000-000-0000
128,Maria,Vinogradova,maria.vinogradova.137@email.com,000-000-0000
129,Mikhail,Maximov,mikhail.maximov.138@email.com,000-000-0000
141,Nikolay,Tikhomirova,nikolay.tikhomirova.150@email.com,000-000-0000
149,Olga,Lebedeva,olga.lebedeva.158@email.com,000-000-0000
163,Victoria,Popova,victoria.popova.172@email.com,000-000-0000
169,Ekaterina,Maximov,ekaterina.maximov.178@email.com,000-000-0000
180,Elena,Morozova,elena.morozova.189@email.com,000-000-0000
181,Andrey,Sergeev,andrey.sergeev.190@email.com,000-000-0000
182,Sergey,Belova,sergey.belova.191@email.com,000-000-0000
191,Anastasia,Kiseleva,anastasia.kiseleva.200@email.com,000-000-0000
194,Mikhail,Guseva,mikhail.guseva.203@email.com,000-000-0000
197,Margarita,Kiseleva,margarita.kiseleva.206@email.com,000-000-0000
198,Alexey,Sokolova,alexey.sokolova.207@email.com,000-000-0000
204,Irina,Nikolaev,irina.nikolaev.213@email.com,000-000-0000
206,Anastasia,Lebedeva,anastasia.lebedeva.215@email.com,000-000-0000
207,Ekaterina,Novikova,ekaterina.novikova.216@email.com,000-000-0000
216,Nikolay,Zaitseva,nikolay.zaitseva.225@email.com,000-000-0000
218,Natalya,Kuznetsova,natalya.kuznetsova.227@email.com,000-000-0000
219,Darya,Maximov,darya.maximov.228@email.com,000-000-0000
220,Sofia,Smirnova,sofia.smirnova.229@email.com,000-000-0000
226,Nadezhda,Volkova,nadezhda.volkova.235@email.com,000-000-0000
235,Ksenia,Lebedeva,ksenia.lebedeva.244@email.com,000-000-0000
243,Lyubov,Morozova,lyubov.morozova.252@email.com,000-000-0000
247,Elizaveta,Komarova,elizaveta.komarova.256@email.com,000-000-0000
248,Natalya,Alekseev,natalya.alekseev.257@email.com,000-000-0000
249,Alexey,Vinogradova,alexey.vinogradova.258@email.com,000-000-0000
256,Dmitry,Andreev,dmitry.andreev.265@email.com,000-000-0000
263,Tatyana,Kozlova,tatyana.kozlova.272@email.com,000-000-0000
265,Ksenia,Belova,ksenia.belova.274@email.com,000-000-0000
273,Olga,Tikhomirova,olga.tikhomirova.282@email.com,000-000-0000
274,Nikolay,Dmitriev,nikolay.dmitriev.283@email.com,000-000-0000
278,Margarita,Kuznetsova,margarita.kuznetsova.287@email.com,000-000-0000
286,Olga,Guseva,olga.guseva.295@email.com,000-000-0000
292,Dmitry,Vladimirov,dmitry.vladimirov.301@email.com,000-000-0000
305,Elena,Lebedeva,elena.lebedeva.314@email.com,000-000-0000
310,Lyubov,Alekseev,lyubov.alekseev.319@email.com,000-000-0000
314,Veronika,Alekseev,veronika.alekseev.323@email.com,000-000-0000
318,Margarita,Belova,margarita.belova.327@email.com,000-000-0000
333,Polina,Smirnova,polina.smirnova.342@email.com,000-000-0000
349,Irina,Mikhailov,irina.mikhailov.358@email.com,000-000-0000
351,Nikolay,Volkova,nikolay.volkova.360@email.com,000-000-0000
352,Victoria,Kiseleva,victoria.kiseleva.361@email.com,000-000-0000
354,Nikolay,Belova,nikolay.belova.363@email.com,000-000-0000
372,Nadezhda,Vinogradova,nadezhda.vinogradova.381@email.com,000-000-0000
383,Margarita,Popova,margarita.popova.392@email.com,000-000-0000
385,Veronika,Sokolova,veronika.sokolova.394@email.com,000-000-0000
386,Ksenia,Guseva,ksenia.guseva.395@email.com,000-000-0000
387,Petr,Kiseleva,petr.kiseleva.396@email.com,000-000-0000
392,Nadezhda,Vladimirov,nadezhda.vladimirov.401@email.com,000-000-0000
393,Victoria,Frolova,victoria.frolova.402@email.com,000-000-0000
394,Anastasia,Vladimirov,anastasia.vladimirov.403@email.com,000-000-0000
399,Tatyana,Sokolova,tatyana.sokolova.408@email.com,000-000-0000
409,Andrey,Smirnova,andrey.smirnova.418@email.com,000-000-0000
414,Nadezhda,Tikhomirova,nadezhda.tikhomirova.423@email.com,000-000-0000
415,Sergey,Frolova,sergey.frolova.424@email.com,000-000-0000
417,Zoya,Vinogradova,zoya.vinogradova.426@email.com,000-000-0000
418,Polina,Petrov,polina.petrov.427@email.com,000-000-0000
422,Dmitry,Guseva,dmitry.guseva.431@email.com,000-000-0000
424,Vladimir,Pavlova,vladimir.pavlova.433@email.com,000-000-0000
428,Olga,Dmitriev,olga.dmitriev.437@email.com,000-000-0000
432,Olga,Dmitriev,olga.dmitriev.441@email.com,000-000-0000
438,Ksenia,Mikhailov,ksenia.mikhailov.447@email.com,000-000-0000
445,Natalya,Morozova,natalya.morozova.454@email.com,000-000-0000
456,Sofia,Vinogradova,sofia.vinogradova.465@email.com,000-000-0000
457,Irina,Alekseev,irina.alekseev.466@email.com,000-000-0000
459,Maria,Guseva,maria.guseva.468@email.com,000-000-0000
466,Sofia,Komarova,sofia.komarova.475@email.com,000-000-0000
468,Margarita,Morozova,margarita.morozova.477@email.com,000-000-0000
474,Polina,Popova,polina.popova.483@email.com,000-000-0000
478,Sofia,Kiseleva,sofia.kiseleva.487@email.com,000-000-0000
493,Ivan,Volkova,ivan.volkova.502@email.com,000-000-0000
496,Natalya,Sokolova,natalya.sokolova.505@email.com,000-000-0000
508,Sergey,Alekseev,sergey.alekseev.517@email.com,000-000-0000
509,Tatyana,Pavlova,tatyana.pavlova.518@email.com,000-000-0000
514,Olga,Volkova,olga.volkova.523@email.com,000-000-0000
523,Alexey,Borisova,alexey.borisova.532@email.com,000-000-0000
531,Natalya,Sokolova,natalya.sokolova.540@email.com,000-000-0000
541,Zoya,Morozova,zoya.morozova.550@email.com,000-000-0000
542,Ksenia,Ivanov,ksenia.ivanov.551@email.com,000-000-0000
554,Mikhail,Belova,mikhail.belova.563@email.com,000-000-0000
556,Elizaveta,Kuznetsova,elizaveta.kuznetsova.565@email.com,000-000-0000
564,Natalya,Belova,natalya.belova.573@email.com,000-000-0000
565,Maxim,Orlova,maxim.orlova.574@email.com,000-000-0000
566,Polina,Guseva,polina.guseva.575@email.com,000-000-0000
570,Olga,Tikhomirova,olga.tikhomirova.579@email.com,000-000-0000
580,Sergey,Sergeev,sergey.sergeev.589@email.com,000-000-0000
582,Ekaterina,Volkova,ekaterina.volkova.591@email.com,000-000-0000
586,Alexandra,Orlova,alexandra.orlova.595@email.com,000-000-0000
